1,67
1,68
1,93
1,94
1,567
1,568
1,593
1,594
2,68
2,92
2,96
2,568
2,592
2,596
3,68
3,70
3,76
3,77
3,91
3,97
3,568
3,570
3,576
3,577
3,591
3,597
4,69
4,70
4,76
4,77
4,91
4,95
4,97
4,98
4,101
4,102
4,569
4,570
4,576
4,577
4,591
4,595
4,597
4,598
4,601
4,602
5,64
5,79
5,80
5,91
5,97
5,101
5,102
5,564
5,579
5,580
5,591
5,597
5,601
5,602
6,64
6,65
6,66
6,79
6,80
6,81
6,92
6,96
6,564
6,565
6,566
6,579
6,580
6,581
6,592
6,596
7,67
7,79
7,80
7,93
7,94
7,567
7,579
7,580
7,593
7,594
8,66
8,67
8,76
8,77
8,87
8,89
8,566
8,567
8,576
8,577
8,587
8,589
9,76
9,77
9,88
9,89
9,576
9,577
9,588
9,589
10,88
10,588
12,68
12,69
12,70
12,568
12,569
12,570
13,103
13,603
14,68
14,70
14,101
14,102
14,103
14,147
14,568
14,570
14,601
14,602
14,603
14,647
15,30
15,53
15,54
15,67
15,68
15,69
15,70
15,71
15,100
15,147
15,148
15,149
15,530
15,553
15,554
15,567
15,568
15,569
15,570
15,571
15,600
15,647
15,648
15,649
16,30
16,32
16,53
16,66
16,67
16,71
16,72
16,100
16,101
16,150
16,530
16,532
16,553
16,566
16,567
16,571
16,572
16,600
16,601
16,650
17,33
17,34
17,41
17,42
17,51
17,53
17,66
17,67
17,71
17,72
17,80
17,149
17,150
17,533
17,534
17,541
17,542
17,551
17,553
17,566
17,567
17,571
17,572
17,580
17,649
17,650
18,19
18,20
18,33
18,34
18,39
18,43
18,51
18,52
18,79
18,137
18,138
18,519
18,520
18,533
18,534
18,539
18,543
18,551
18,552
18,579
18,637
18,638
19,19
19,20
19,33
19,34
19,38
19,44
19,57
19,79
19,80
19,81
19,138
19,519
19,520
19,533
19,534
19,538
19,544
19,557
19,579
19,580
19,581
19,638
20,30
20,32
20,37
20,38
20,40
20,44
20,55
20,56
20,57
20,68
20,69
20,138
20,140
20,530
20,532
20,537
20,538
20,540
20,544
20,555
20,556
20,557
20,568
20,569
20,638
20,640
21,30
21,38
21,44
21,54
21,67
21,68
21,70
21,71
21,129
21,139
21,140
21,151
21,152
21,153
21,530
21,538
21,544
21,554
21,567
21,568
21,570
21,571
21,629
21,639
21,640
21,651
21,652
21,653
22,39
22,43
22,54
22,55
22,68
22,71
22,127
22,128
22,129
22,150
22,151
22,153
22,154
22,539
22,543
22,554
22,555
22,568
22,571
22,627
22,628
22,629
22,650
22,651
22,653
22,654
23,41
23,42
23,68
23,95
23,96
23,100
23,101
23,126
23,150
23,151
23,153
23,154
23,541
23,542
23,568
23,595
23,596
23,600
23,601
23,626
23,650
23,651
23,653
23,654
24,31
24,51
24,71
24,88
24,98
24,126
24,127
24,150
24,151
24,152
24,153
24,154
24,531
24,551
24,571
24,588
24,598
24,626
24,627
24,650
24,651
24,652
24,653
24,654
25,29
25,30
25,51
25,69
25,70
25,88
25,90
25,95
25,101
25,149
25,150
25,154
25,155
25,529
25,530
25,551
25,569
25,570
25,588
25,590
25,595
25,601
25,649
25,650
25,654
25,655
26,30
26,31
26,88
26,89
26,96
26,97
26,99
26,100
26,142
26,144
26,530
26,531
26,588
26,589
26,596
26,597
26,599
26,600
26,642
26,644
27,18
27,97
27,99
27,142
27,143
27,518
27,597
27,599
27,642
27,643
28,18
28,19
28,20
28,49
28,50
28,54
28,55
28,64
28,65
28,69
28,70
28,98
28,124
28,143
28,149
28,518
28,519
28,520
28,549
28,550
28,554
28,555
28,564
28,565
28,569
28,570
28,598
28,624
28,643
28,649
29,21
29,50
29,51
29,52
29,53
29,54
29,65
29,66
29,67
29,68
29,69
29,75
29,98
29,123
29,124
29,125
29,147
29,148
29,150
29,521
29,550
29,551
29,552
29,553
29,554
29,565
29,566
29,567
29,568
29,569
29,575
29,598
29,623
29,624
29,625
29,647
29,648
29,650
30,20
30,21
30,51
30,52
30,53
30,66
30,67
30,68
30,76
30,77
30,123
30,124
30,125
30,150
30,520
30,521
30,551
30,552
30,553
30,566
30,567
30,568
30,576
30,577
30,623
30,624
30,625
30,650
31,52
31,67
31,75
31,76
31,552
31,567
31,575
31,576
32,95
32,96
32,121
32,122
32,126
32,127
32,147
32,149
32,150
32,595
32,596
32,621
32,622
32,626
32,627
32,647
32,649
32,650
33,28
33,96
33,121
33,122
33,126
33,127
33,149
33,152
33,528
33,596
33,621
33,622
33,626
33,627
33,649
33,652
34,26
34,28
34,79
34,93
34,94
34,95
34,150
34,152
34,526
34,528
34,579
34,593
34,594
34,595
34,650
34,652
35,27
35,28
35,79
35,81
35,93
35,527
35,528
35,579
35,581
35,593
36,43
36,44
36,45
36,79
36,81
36,123
36,124
36,543
36,544
36,545
36,579
36,581
36,623
36,624
37,22
37,23
37,24
37,43
37,123
37,125
37,522
37,523
37,524
37,543
37,623
37,625
38,21
38,25
38,44
38,51
38,83
38,84
38,122
38,125
38,126
38,521
38,525
38,544
38,551
38,583
38,584
38,622
38,625
38,626
39,20
39,26
39,49
39,50
39,67
39,68
39,83
39,124
39,125
39,149
39,150
39,151
39,520
39,526
39,549
39,550
39,567
39,568
39,583
39,624
39,625
39,649
39,650
39,651
40,20
40,21
40,23
40,25
40,26
40,50
40,51
40,67
40,68
40,84
40,85
40,86
40,124
40,125
40,148
40,152
40,520
40,521
40,523
40,525
40,526
40,550
40,551
40,567
40,568
40,584
40,585
40,586
40,624
40,625
40,648
40,652
41,86
41,93
41,113
41,114
41,125
41,147
41,153
41,586
41,593
41,613
41,614
41,625
41,647
41,653
42,93
42,94
42,113
42,114
42,148
42,152
42,593
42,594
42,613
42,614
42,648
42,652
43,81
43,82
43,94
43,95
43,119
43,125
43,149
43,150
43,151
43,581
43,582
43,594
43,595
43,619
43,625
43,649
43,650
43,651
44,80
44,81
44,82
44,86
44,94
44,95
44,96
44,104
44,105
44,119
44,125
44,149
44,150
44,151
44,580
44,581
44,582
44,586
44,594
44,595
44,596
44,604
44,605
44,619
44,625
44,649
44,650
44,651
45,51
45,52
45,56
45,57
45,77
45,79
45,80
45,85
45,86
45,87
45,88
45,94
45,95
45,104
45,105
45,120
45,124
45,131
45,551
45,552
45,556
45,557
45,577
45,579
45,580
45,585
45,586
45,587
45,588
45,594
45,595
45,604
45,605
45,620
45,624
45,631
46,25
46,26
46,53
46,54
46,55
46,77
46,80
46,85
46,90
46,93
46,94
46,121
46,122
46,123
46,129
46,131
46,525
46,526
46,553
46,554
46,555
46,577
46,580
46,585
46,590
46,593
46,594
46,621
46,622
46,623
46,629
46,631
47,25
47,52
47,56
47,77
47,79
47,80
47,86
47,90
47,93
47,130
47,131
47,525
47,552
47,556
47,577
47,579
47,580
47,586
47,590
47,593
47,630
47,631
48,26
48,27
48,28
48,43
48,53
48,55
48,72
48,73
48,80
48,81
48,82
48,86
48,87
48,89
48,526
48,527
48,528
48,543
48,553
48,555
48,572
48,573
48,580
48,581
48,582
48,586
48,587
48,589
49,28
49,41
49,43
49,54
49,71
49,73
49,81
49,82
49,151
49,152
49,153
49,528
49,541
49,543
49,554
49,571
49,573
49,581
49,582
49,651
49,652
49,653
50,42
50,43
50,71
50,113
50,146
50,150
50,151
50,153
50,154
50,542
50,543
50,571
50,613
50,646
50,650
50,651
50,653
50,654
51,70
51,71
51,112
51,113
51,114
51,144
51,145
51,150
51,151
51,153
51,154
51,570
51,571
51,612
51,613
51,614
51,644
51,645
51,650
51,651
51,653
51,654
52,37
52,38
52,94
52,96
52,111
52,112
52,113
52,114
52,115
52,138
52,145
52,146
52,150
52,151
52,152
52,153
52,154
52,179
52,180
52,537
52,538
52,594
52,596
52,611
52,612
52,613
52,614
52,615
52,638
52,645
52,646
52,650
52,651
52,652
52,653
52,654
52,679
52,680
53,13
53,14
53,38
53,53
53,54
53,95
53,96
53,110
53,111
53,115
53,116
53,124
53,125
53,139
53,149
53,150
53,154
53,155
53,179
53,188
53,189
53,513
53,514
53,538
53,553
53,554
53,595
53,596
53,610
53,611
53,615
53,616
53,624
53,625
53,639
53,649
53,650
53,654
53,655
53,679
53,688
53,689
54,4
54,5
54,14
54,35
54,36
54,37
54,53
54,54
54,58
54,95
54,124
54,137
54,138
54,139
54,170
54,171
54,177
54,179
54,188
54,189
54,504
54,505
54,514
54,535
54,536
54,537
54,553
54,554
54,558
54,595
54,624
54,637
54,638
54,639
54,670
54,671
54,677
54,679
54,688
54,689
55,4
55,5
55,14
55,16
55,22
55,35
55,58
55,60
55,125
55,126
55,127
55,169
55,173
55,177
55,178
55,504
55,505
55,514
55,516
55,522
55,535
55,558
55,560
55,625
55,626
55,627
55,669
55,673
55,677
55,678
56,15
56,16
56,21
56,23
56,58
56,59
56,127
56,168
56,174
56,515
56,516
56,521
56,523
56,558
56,559
56,627
56,668
56,674
57,19
57,20
57,24
57,112
57,113
57,114
57,168
57,172
57,174
57,175
57,519
57,520
57,524
57,612
57,613
57,614
57,668
57,672
57,674
57,675
58,19
58,20
58,24
58,112
58,113
58,114
58,168
58,174
58,519
58,520
58,524
58,612
58,613
58,614
58,668
58,674
59,19
59,20
59,24
59,44
59,63
59,64
59,84
59,85
59,102
59,160
59,161
59,169
59,173
59,519
59,520
59,524
59,544
59,563
59,564
59,584
59,585
59,602
59,660
59,661
59,669
59,673
60,21
60,23
60,32
60,33
60,44
60,45
60,46
60,64
60,84
60,89
60,103
60,104
60,115
60,149
60,150
60,159
60,161
60,170
60,171
60,178
60,179
60,188
60,189
60,190
60,521
60,523
60,532
60,533
60,544
60,545
60,546
60,564
60,584
60,589
60,603
60,604
60,615
60,649
60,650
60,659
60,661
60,670
60,671
60,678
60,679
60,688
60,689
60,690
61,3
61,4
61,5
61,22
61,32
61,34
61,47
61,64
61,66
61,75
61,76
61,82
61,84
61,89
61,90
61,102
61,103
61,114
61,116
61,150
61,159
61,178
61,180
61,187
61,188
61,190
61,191
61,503
61,504
61,505
61,522
61,532
61,534
61,547
61,564
61,566
61,575
61,576
61,582
61,584
61,589
61,590
61,602
61,603
61,614
61,616
61,650
61,659
61,678
61,680
61,687
61,688
61,690
61,691
62,13
62,14
62,15
62,34
62,46
62,47
62,65
62,66
62,74
62,76
62,82
62,83
62,88
62,90
62,113
62,117
62,147
62,148
62,149
62,158
62,159
62,178
62,187
62,188
62,190
62,191
62,513
62,514
62,515
62,534
62,546
62,547
62,565
62,566
62,574
62,576
62,582
62,583
62,588
62,590
62,613
62,617
62,647
62,648
62,649
62,658
62,659
62,678
62,687
62,688
62,690
62,691
63,3
63,5
63,15
63,34
63,35
63,73
63,74
63,75
63,114
63,115
63,116
63,147
63,187
63,188
63,189
63,190
63,191
63,503
63,505
63,515
63,534
63,535
63,573
63,574
63,575
63,614
63,615
63,616
63,647
63,687
63,688
63,689
63,690
63,691
64,2
64,3
64,4
64,5
64,6
64,14
64,72
64,73
64,74
64,112
64,113
64,117
64,118
64,186
64,187
64,191
64,192
64,502
64,503
64,504
64,505
64,506
64,514
64,572
64,573
64,574
64,612
64,613
64,617
64,618
64,686
64,687
64,691
64,692
65,1
65,2
65,6
65,7
65,73
65,74
65,75
65,501
65,502
65,506
65,507
65,573
65,574
65,575
66,1
66,2
66,6
66,7
66,74
66,76
66,501
66,502
66,506
66,507
66,574
66,576
67,75
67,76
67,186
67,575
67,576
67,686
68,184
68,185
68,187
68,684
68,685
68,687
69,6
69,7
69,152
69,153
69,187
69,506
69,507
69,652
69,653
69,687
70,6
70,8
70,9
70,40
70,41
70,46
70,47
70,51
70,52
70,61
70,62
70,153
70,506
70,508
70,509
70,540
70,541
70,546
70,547
70,551
70,552
70,561
70,562
70,653
71,9
71,40
71,47
71,48
71,49
71,50
71,51
71,60
71,62
71,100
71,153
71,155
71,156
71,163
71,184
71,186
71,187
71,509
71,540
71,547
71,548
71,549
71,550
71,551
71,560
71,562
71,600
71,653
71,655
71,656
71,663
71,684
71,686
71,687
72,29
72,31
72,38
72,40
72,47
72,48
72,50
72,51
72,62
72,99
72,154
72,161
72,162
72,186
72,189
72,529
72,531
72,538
72,540
72,547
72,548
72,550
72,551
72,562
72,599
72,654
72,661
72,662
72,686
72,689
73,4
73,6
73,7
73,8
73,30
73,31
73,38
73,39
73,47
73,48
73,50
73,51
73,99
73,100
73,101
73,122
73,124
73,158
73,162
73,163
73,187
73,189
73,504
73,506
73,507
73,508
73,530
73,531
73,538
73,539
73,547
73,548
73,550
73,551
73,599
73,600
73,601
73,622
73,624
73,658
73,662
73,663
73,687
73,689
74,4
74,30
74,35
74,36
74,48
74,49
74,50
74,122
74,123
74,156
74,504
74,530
74,535
74,536
74,548
74,549
74,550
74,622
74,623
74,656
75,4
75,34
75,36
75,114
75,115
75,123
75,157
75,504
75,534
75,536
75,614
75,615
75,623
75,657
76,36
76,114
76,115
76,536
76,614
76,615
77,81
77,82
77,581
77,582
78,46
78,47
78,73
78,81
78,82
78,186
78,187
78,188
78,546
78,547
78,573
78,581
78,582
78,686
78,687
78,688
79,47
79,71
79,73
79,185
79,189
79,547
79,571
79,573
79,685
79,689
80,3
80,4
80,8
80,9
80,23
80,44
80,45
80,46
80,72
80,73
80,164
80,165
80,168
80,170
80,184
80,190
80,503
80,504
80,508
80,509
80,523
80,544
80,545
80,546
80,572
80,573
80,664
80,665
80,668
80,670
80,684
80,690
81,5
81,6
81,7
81,24
81,25
81,44
81,164
81,166
81,167
81,168
81,169
81,185
81,189
81,505
81,506
81,507
81,524
81,525
81,544
81,664
81,666
81,667
81,668
81,669
81,685
81,689
82,4
82,8
82,23
82,24
82,27
82,28
82,29
82,164
82,169
82,186
82,187
82,188
82,504
82,508
82,523
82,524
82,527
82,528
82,529
82,664
82,669
82,686
82,687
82,688
83,5
83,7
83,29
83,175
83,186
83,187
83,188
83,505
83,507
83,529
83,675
83,686
83,687
83,688
84,6
84,18
84,28
84,62
84,63
84,173
84,174
84,175
84,176
84,506
84,518
84,528
84,562
84,563
84,673
84,674
84,675
84,676
85,17
85,19
85,62
85,73
85,163
85,165
85,172
85,174
85,176
85,177
85,189
85,190
85,517
85,519
85,562
85,573
85,663
85,665
85,672
85,674
85,676
85,677
85,689
85,690
86,3
86,4
86,17
86,18
86,20
86,29
86,31
86,54
86,60
86,62
86,74
86,75
86,163
86,167
86,171
86,174
86,176
86,177
86,178
86,189
86,503
86,504
86,517
86,518
86,520
86,529
86,531
86,554
86,560
86,562
86,574
86,575
86,663
86,667
86,671
86,674
86,676
86,677
86,678
86,689
87,4
87,17
87,18
87,20
87,21
87,28
87,31
87,54
87,56
87,60
87,61
87,73
87,74
87,153
87,154
87,167
87,172
87,174
87,176
87,177
87,190
87,191
87,192
87,504
87,517
87,518
87,520
87,521
87,528
87,531
87,554
87,556
87,560
87,561
87,573
87,574
87,653
87,654
87,667
87,672
87,674
87,676
87,677
87,690
87,691
87,692
88,1
88,2
88,3
88,17
88,18
88,20
88,27
88,28
88,39
88,40
88,55
88,57
88,153
88,154
88,163
88,168
88,173
88,174
88,175
88,176
88,185
88,186
88,192
88,501
88,502
88,503
88,517
88,518
88,520
88,527
88,528
88,539
88,540
88,555
88,557
88,653
88,654
88,663
88,668
88,673
88,674
88,675
88,676
88,685
88,686
88,692
89,1
89,7
89,8
89,17
89,19
89,25
89,26
89,30
89,39
89,40
89,55
89,58
89,167
89,175
89,185
89,187
89,501
89,507
89,508
89,517
89,519
89,525
89,526
89,530
89,539
89,540
89,555
89,558
89,667
89,675
89,685
89,687
90,6
90,8
90,18
90,27
90,28
90,34
90,35
90,55
90,57
90,163
90,167
90,187
90,506
90,508
90,518
90,527
90,528
90,534
90,535
90,555
90,557
90,663
90,667
90,687
91,6
91,28
91,31
91,36
91,43
91,44
91,54
91,56
91,132
91,133
91,163
91,165
91,187
91,188
91,506
91,528
91,531
91,536
91,543
91,544
91,554
91,556
91,632
91,633
91,663
91,665
91,687
91,688
92,5
92,6
92,29
92,31
92,42
92,44
92,54
92,70
92,133
92,505
92,506
92,529
92,531
92,542
92,544
92,554
92,570
92,633
93,42
93,62
93,63
93,70
93,71
93,72
93,88
93,90
93,133
93,135
93,136
93,542
93,562
93,563
93,570
93,571
93,572
93,588
93,590
93,633
93,635
93,636
94,41
94,42
94,63
94,64
94,73
94,89
94,90
94,134
94,541
94,542
94,563
94,564
94,573
94,589
94,590
94,634
95,62
95,72
95,73
95,89
95,138
95,562
95,572
95,573
95,589
95,638
96,136
96,636
97,46
97,137
97,546
97,637
98,44
98,45
98,46
98,111
98,544
98,545
98,546
98,611
99,43
99,110
99,112
99,543
99,610
99,612
100,43
100,44
100,109
100,113
100,543
100,544
100,609
100,613
101,109
101,113
101,133
101,609
101,613
101,633
102,72
102,73
102,77
102,78
102,109
102,113
102,131
102,132
102,144
102,145
102,572
102,573
102,577
102,578
102,609
102,613
102,631
102,632
102,644
102,645
103,72
103,73
103,77
103,78
103,83
103,85
103,92
103,94
103,109
103,113
103,132
103,133
103,144
103,146
103,572
103,573
103,577
103,578
103,583
103,585
103,592
103,594
103,609
103,613
103,632
103,633
103,644
103,646
104,73
104,74
104,75
104,76
104,77
104,84
104,85
104,92
104,93
104,109
104,113
104,144
104,163
104,164
104,573
104,574
104,575
104,576
104,577
104,584
104,585
104,592
104,593
104,609
104,613
104,644
104,663
104,664
105,74
105,76
105,84
105,93
105,109
105,113
105,163
105,164
105,574
105,576
105,584
105,593
105,609
105,613
105,663
105,664
106,110
106,112
106,610
106,612
107,38
107,39
107,43
107,44
107,74
107,75
107,76
107,111
107,538
107,539
107,543
107,544
107,574
107,575
107,576
107,611
108,39
108,40
108,41
108,42
108,43
108,103
108,164
108,539
108,540
108,541
108,542
108,543
108,603
108,664
109,39
109,40
109,42
109,43
109,101
109,103
109,163
109,165
109,539
109,540
109,542
109,543
109,601
109,603
109,663
109,665
110,39
110,40
110,42
110,43
110,88
110,89
110,102
110,103
110,151
110,152
110,153
110,162
110,166
110,539
110,540
110,542
110,543
110,588
110,589
110,602
110,603
110,651
110,652
110,653
110,662
110,666
111,40
111,41
111,42
111,72
111,73
111,88
111,89
111,151
111,162
111,163
111,164
111,165
111,166
111,540
111,541
111,542
111,572
111,573
111,588
111,589
111,651
111,662
111,663
111,664
111,665
111,666
112,73
112,152
112,161
112,162
112,166
112,167
112,573
112,652
112,661
112,662
112,666
112,667
113,53
113,54
113,55
113,70
113,71
113,72
113,162
113,163
113,164
113,165
113,166
113,553
113,554
113,555
113,570
113,571
113,572
113,662
113,663
113,664
113,665
113,666
114,53
114,70
114,163
114,164
114,165
114,553
114,570
114,663
114,664
114,665
115,54
115,103
115,164
115,554
115,603
115,664
116,42
116,43
116,44
116,104
116,105
116,542
116,543
116,544
116,604
116,605
117,42
117,43
117,44
117,103
117,104
117,159
117,160
117,542
117,543
117,544
117,603
117,604
117,659
117,660
118,41
118,45
118,159
118,161
118,541
118,545
118,659
118,661
119,40
119,46
119,159
119,540
119,546
119,659
120,41
120,45
120,541
120,545
121,42
121,43
121,44
121,124
121,125
121,542
121,543
121,544
121,624
121,625
122,125
122,126
122,625
122,626
123,124
123,624
126,161
126,162
126,163
126,661
126,662
126,663
127,90
127,91
127,160
127,164
127,590
127,591
127,660
127,664
128,68
128,69
128,70
128,90
128,568
128,569
128,570
128,590
129,45
129,46
129,56
129,57
129,68
129,81
129,88
129,90
129,159
129,165
129,545
129,546
129,556
129,557
129,568
129,581
129,588
129,590
129,659
129,665
130,45
130,57
130,69
130,78
130,79
130,80
130,81
130,88
130,89
130,159
130,160
130,164
130,165
130,545
130,557
130,569
130,578
130,579
130,580
130,581
130,588
130,589
130,659
130,660
130,664
130,665
131,46
131,47
131,48
131,57
131,59
131,65
131,66
131,77
131,78
131,79
131,80
131,546
131,547
131,548
131,557
131,559
131,565
131,566
131,577
131,578
131,579
131,580
132,48
132,58
132,59
132,65
132,67
132,77
132,80
132,548
132,558
132,559
132,565
132,567
132,577
132,580
133,66
133,67
133,68
133,77
133,78
133,79
133,80
133,162
133,566
133,567
133,568
133,577
133,578
133,579
133,580
133,662
134,67
134,68
134,69
134,78
134,79
134,80
134,81
134,161
134,163
134,567
134,568
134,569
134,578
134,579
134,580
134,581
134,661
134,663
135,66
135,67
135,68
135,81
135,127
135,128
135,161
135,163
135,566
135,567
135,568
135,581
135,627
135,628
135,661
135,663
136,65
136,67
136,127
136,128
136,161
136,565
136,567
136,627
136,628
136,661
137,65
137,66
137,96
137,161
137,565
137,566
137,596
137,661
138,96
138,97
138,98
138,114
138,115
138,161
138,164
138,596
138,597
138,598
138,614
138,615
138,661
138,664
139,99
139,114
139,115
139,162
139,163
139,599
139,614
139,615
139,662
139,663
140,98
140,99
140,598
140,599
143,89
143,589
144,80
144,81
144,87
144,88
144,89
144,580
144,581
144,587
144,588
144,589
145,81
145,82
145,86
145,114
145,115
145,116
145,581
145,582
145,586
145,614
145,615
145,616
146,80
146,86
146,87
146,104
146,105
146,106
146,580
146,586
146,587
146,604
146,605
146,606
147,104
147,114
147,116
147,604
147,614
147,616
148,84
148,105
148,113
148,114
148,115
148,116
148,117
148,584
148,605
148,613
148,614
148,615
148,616
148,617
149,83
149,84
149,85
149,112
149,113
149,117
149,118
149,583
149,584
149,585
149,612
149,613
149,617
149,618
150,82
150,86
150,112
150,113
150,117
150,118
150,582
150,586
150,612
150,613
150,617
150,618
151,81
151,83
151,84
151,85
151,87
151,94
151,95
151,581
151,583
151,584
151,585
151,587
151,594
151,595
152,82
152,83
152,84
152,85
152,86
152,95
152,96
152,582
152,583
152,584
152,585
152,586
152,595
152,596
153,94
153,112
153,113
153,594
153,612
153,613
154,110
154,111
154,113
154,610
154,611
154,613
155,110
155,610
157,103
157,111
157,112
157,113
157,115
157,603
157,611
157,612
157,613
157,615
158,103
158,104
158,115
158,603
158,604
158,615
159,102
159,104
159,115
159,602
159,604
159,615
162,81
162,82
162,581
162,582
163,82
163,582
164,79
164,80
164,81
164,110
164,111
164,115
164,116
164,579
164,580
164,581
164,610
164,611
164,615
164,616
165,79
165,112
165,113
165,114
165,579
165,612
165,613
165,614
166,111
166,115
166,611
166,615
167,92
167,93
167,112
167,114
167,592
167,593
167,612
167,614
168,92
168,94
168,113
168,592
168,594
168,613
169,80
169,81
169,92
169,104
169,580
169,581
169,592
169,604
170,81
170,102
170,104
170,115
170,116
170,581
170,602
170,604
170,615
170,616
171,81
171,83
171,89
171,90
171,100
171,101
171,115
171,581
171,583
171,589
171,590
171,600
171,601
171,615
172,82
172,83
172,89
172,90
172,100
172,101
172,116
172,117
172,118
172,582
172,583
172,589
172,590
172,600
172,601
172,616
172,617
172,618
173,92
173,93
173,100
173,101
173,118
173,592
173,593
173,600
173,601
173,618
174,50
174,51
174,92
174,93
174,94
174,102
174,104
174,112
174,113
174,550
174,551
174,592
174,593
174,594
174,602
174,604
174,612
174,613
175,51
175,52
175,92
175,93
175,104
175,112
175,114
175,551
175,552
175,592
175,593
175,604
175,612
175,614
176,5
176,6
176,32
176,50
176,89
176,90
176,114
176,505
176,506
176,532
176,550
176,589
176,590
176,614
177,6
177,31
177,32
177,33
177,34
177,89
177,90
177,114
177,115
177,506
177,531
177,532
177,533
177,534
177,589
177,590
177,614
177,615
178,6
178,8
178,14
178,15
178,30
178,31
178,33
178,35
178,506
178,508
178,514
178,515
178,530
178,531
178,533
178,535
179,1
179,7
179,8
179,14
179,17
179,29
179,30
179,31
179,33
179,36
179,39
179,40
179,501
179,507
179,508
179,514
179,517
179,529
179,530
179,531
179,533
179,536
179,539
179,540
180,1
180,2
180,3
180,18
180,30
180,31
180,33
180,35
180,39
180,40
180,501
180,502
180,503
180,518
180,530
180,531
180,533
180,535
180,539
180,540
181,4
181,18
181,31
181,32
181,33
181,34
181,504
181,518
181,531
181,532
181,533
181,534
182,3
182,4
182,18
182,26
182,32
182,503
182,504
182,518
182,526
182,532
183,14
183,17
183,27
183,514
183,517
183,527
184,14
184,15
184,25
184,26
184,27
184,514
184,515
184,525
184,526
184,527
187,6
187,506
188,5
188,6
188,7
188,505
188,506
188,507
189,4
189,5
189,6
189,7
189,8
189,32
189,34
189,504
189,505
189,506
189,507
189,508
189,532
189,534
190,3
190,5
190,7
190,9
190,33
190,34
190,503
190,505
190,507
190,509
190,533
190,534
191,3
191,4
191,8
191,9
191,33
191,503
191,504
191,508
191,509
191,533
192,34
192,35
192,36
192,534
192,535
192,536
193,36
193,536
194,6
194,506
195,5
195,7
195,14
195,38
195,39
195,505
195,507
195,514
195,538
195,539
196,4
196,5
196,7
196,14
196,15
196,28
196,38
196,40
196,504
196,505
196,507
196,514
196,515
196,528
196,538
196,540
197,4
197,5
197,6
197,13
197,15
197,28
197,29
197,40
197,504
197,505
197,506
197,513
197,515
197,528
197,529
197,540
198,3
198,6
198,27
198,29
198,40
198,41
198,503
198,506
198,527
198,529
198,540
198,541
199,3
199,4
199,5
199,503
199,504
199,505
200,2
200,6
200,502
200,506
201,1
201,7
201,501
201,507
202,2
202,6
202,502
202,506
203,3
203,4
203,5
203,503
203,504
203,505
204,20
204,21
204,520
204,521
205,21
205,22
205,34
205,35
205,521
205,522
205,534
205,535
206,20
206,34
206,520
206,534
207,25
207,26
207,32
207,34
207,525
207,526
207,532
207,534
208,25
208,26
208,32
208,33
208,525
208,526
208,532
208,533
209,22
209,23
209,522
209,523
210,21
210,22
210,23
210,521
210,522
210,523
211,22
211,23
211,522
211,523
212,15
212,16
212,25
212,26
212,515
212,516
212,525
212,526
213,4
213,5
213,14
213,16
213,25
213,26
213,124
213,125
213,504
213,505
213,514
213,516
213,525
213,526
213,624
213,625
214,4
214,5
214,14
214,122
214,126
214,504
214,505
214,514
214,622
214,626
215,13
215,14
215,121
215,127
215,141
215,142
215,513
215,514
215,621
215,627
215,641
215,642
216,116
216,117
216,120
216,121
216,123
216,127
216,141
216,142
216,616
216,617
216,620
216,621
216,623
216,627
216,641
216,642
217,116
217,117
217,121
217,127
217,138
217,139
217,146
217,150
217,151
217,616
217,617
217,621
217,627
217,638
217,639
217,646
217,650
217,651
218,122
218,126
218,137
218,138
218,139
218,145
218,149
218,151
218,622
218,626
218,637
218,638
218,639
218,645
218,649
218,651
219,124
219,125
219,138
219,139
219,146
219,147
219,148
219,149
219,150
219,624
219,625
219,638
219,639
219,646
219,647
219,648
219,649
219,650
220,129
220,131
220,141
220,142
220,147
220,148
220,149
220,629
220,631
220,641
220,642
220,647
220,648
220,649
221,129
221,130
221,141
221,142
221,629
221,630
221,641
221,642
222,130
222,630
223,110
223,610
224,108
224,110
224,608
224,610
225,109
225,110
225,609
225,610
227,123
227,623
228,121
228,122
228,621
228,622
229,122
229,123
229,622
229,623
235,115
235,615
237,112
237,113
237,612
237,613
238,111
238,113
238,611
238,613
239,111
239,611
240,110
240,111
240,610
240,611
501,67
501,68
501,93
501,94
501,567
501,568
501,593
501,594
502,68
502,92
502,96
502,568
502,592
502,596
503,68
503,70
503,76
503,77
503,91
503,97
503,568
503,570
503,576
503,577
503,591
503,597
504,69
504,70
504,76
504,77
504,91
504,95
504,97
504,98
504,101
504,102
504,569
504,570
504,576
504,577
504,591
504,595
504,597
504,598
504,601
504,602
505,64
505,79
505,80
505,91
505,97
505,101
505,102
505,564
505,579
505,580
505,591
505,597
505,601
505,602
506,64
506,65
506,66
506,79
506,80
506,81
506,92
506,96
506,564
506,565
506,566
506,579
506,580
506,581
506,592
506,596
507,67
507,79
507,80
507,93
507,94
507,567
507,579
507,580
507,593
507,594
508,66
508,67
508,76
508,77
508,87
508,89
508,566
508,567
508,576
508,577
508,587
508,589
509,76
509,77
509,88
509,89
509,576
509,577
509,588
509,589
510,88
510,588
512,68
512,69
512,70
512,568
512,569
512,570
513,103
513,603
514,68
514,70
514,101
514,102
514,103
514,147
514,568
514,570
514,601
514,602
514,603
514,647
515,30
515,53
515,54
515,67
515,68
515,69
515,70
515,71
515,100
515,147
515,148
515,149
515,530
515,553
515,554
515,567
515,568
515,569
515,570
515,571
515,600
515,647
515,648
515,649
516,30
516,32
516,53
516,66
516,67
516,71
516,72
516,100
516,101
516,150
516,530
516,532
516,553
516,566
516,567
516,571
516,572
516,600
516,601
516,650
517,33
517,34
517,41
517,42
517,51
517,53
517,66
517,67
517,71
517,72
517,80
517,149
517,150
517,533
517,534
517,541
517,542
517,551
517,553
517,566
517,567
517,571
517,572
517,580
517,649
517,650
518,19
518,20
518,33
518,34
518,39
518,43
518,51
518,52
518,79
518,137
518,138
518,519
518,520
518,533
518,534
518,539
518,543
518,551
518,552
518,579
518,637
518,638
519,19
519,20
519,33
519,34
519,38
519,44
519,57
519,79
519,80
519,81
519,138
519,519
519,520
519,533
519,534
519,538
519,544
519,557
519,579
519,580
519,581
519,638
520,30
520,32
520,37
520,38
520,40
520,44
520,55
520,56
520,57
520,68
520,69
520,138
520,140
520,530
520,532
520,537
520,538
520,540
520,544
520,555
520,556
520,557
520,568
520,569
520,638
520,640
521,30
521,38
521,44
521,54
521,67
521,68
521,70
521,71
521,129
521,139
521,140
521,151
521,152
521,153
521,530
521,538
521,544
521,554
521,567
521,568
521,570
521,571
521,629
521,639
521,640
521,651
521,652
521,653
522,39
522,43
522,54
522,55
522,68
522,71
522,127
522,128
522,129
522,150
522,151
522,153
522,154
522,539
522,543
522,554
522,555
522,568
522,571
522,627
522,628
522,629
522,650
522,651
522,653
522,654
523,41
523,42
523,68
523,95
523,96
523,100
523,101
523,126
523,150
523,151
523,153
523,154
523,541
523,542
523,568
523,595
523,596
523,600
523,601
523,626
523,650
523,651
523,653
523,654
524,31
524,51
524,71
524,88
524,98
524,126
524,127
524,150
524,151
524,152
524,153
524,154
524,531
524,551
524,571
524,588
524,598
524,626
524,627
524,650
524,651
524,652
524,653
524,654
525,29
525,30
525,51
525,69
525,70
525,88
525,90
525,95
525,101
525,149
525,150
525,154
525,155
525,529
525,530
525,551
525,569
525,570
525,588
525,590
525,595
525,601
525,649
525,650
525,654
525,655
526,30
526,31
526,88
526,89
526,96
526,97
526,99
526,100
526,142
526,144
526,530
526,531
526,588
526,589
526,596
526,597
526,599
526,600
526,642
526,644
527,18
527,97
527,99
527,142
527,143
527,518
527,597
527,599
527,642
527,643
528,18
528,19
528,20
528,49
528,50
528,54
528,55
528,64
528,65
528,69
528,70
528,98
528,124
528,143
528,149
528,518
528,519
528,520
528,549
528,550
528,554
528,555
528,564
528,565
528,569
528,570
528,598
528,624
528,643
528,649
529,21
529,50
529,51
529,52
529,53
529,54
529,65
529,66
529,67
529,68
529,69
529,75
529,98
529,123
529,124
529,125
529,147
529,148
529,150
529,521
529,550
529,551
529,552
529,553
529,554
529,565
529,566
529,567
529,568
529,569
529,575
529,598
529,623
529,624
529,625
529,647
529,648
529,650
530,20
530,21
530,51
530,52
530,53
530,66
530,67
530,68
530,76
530,77
530,123
530,124
530,125
530,150
530,520
530,521
530,551
530,552
530,553
530,566
530,567
530,568
530,576
530,577
530,623
530,624
530,625
530,650
531,52
531,67
531,75
531,76
531,552
531,567
531,575
531,576
532,95
532,96
532,121
532,122
532,126
532,127
532,147
532,149
532,150
532,595
532,596
532,621
532,622
532,626
532,627
532,647
532,649
532,650
533,28
533,96
533,121
533,122
533,126
533,127
533,149
533,152
533,528
533,596
533,621
533,622
533,626
533,627
533,649
533,652
534,26
534,28
534,79
534,93
534,94
534,95
534,150
534,152
534,526
534,528
534,579
534,593
534,594
534,595
534,650
534,652
535,27
535,28
535,79
535,81
535,93
535,527
535,528
535,579
535,581
535,593
536,43
536,44
536,45
536,79
536,81
536,123
536,124
536,543
536,544
536,545
536,579
536,581
536,623
536,624
537,22
537,23
537,24
537,43
537,123
537,125
537,522
537,523
537,524
537,543
537,623
537,625
538,21
538,25
538,44
538,51
538,83
538,84
538,122
538,125
538,126
538,521
538,525
538,544
538,551
538,583
538,584
538,622
538,625
538,626
539,20
539,26
539,49
539,50
539,67
539,68
539,83
539,124
539,125
539,149
539,150
539,151
539,520
539,526
539,549
539,550
539,567
539,568
539,583
539,624
539,625
539,649
539,650
539,651
540,20
540,21
540,23
540,25
540,26
540,50
540,51
540,67
540,68
540,84
540,85
540,86
540,124
540,125
540,148
540,152
540,520
540,521
540,523
540,525
540,526
540,550
540,551
540,567
540,568
540,584
540,585
540,586
540,624
540,625
540,648
540,652
541,86
541,93
541,113
541,114
541,125
541,147
541,153
541,586
541,593
541,613
541,614
541,625
541,647
541,653
542,93
542,94
542,113
542,114
542,148
542,152
542,593
542,594
542,613
542,614
542,648
542,652
543,81
543,82
543,94
543,95
543,119
543,125
543,149
543,150
543,151
543,581
543,582
543,594
543,595
543,619
543,625
543,649
543,650
543,651
544,80
544,81
544,82
544,86
544,94
544,95
544,96
544,104
544,105
544,119
544,125
544,149
544,150
544,151
544,580
544,581
544,582
544,586
544,594
544,595
544,596
544,604
544,605
544,619
544,625
544,649
544,650
544,651
545,51
545,52
545,56
545,57
545,77
545,79
545,80
545,85
545,86
545,87
545,88
545,94
545,95
545,104
545,105
545,120
545,124
545,131
545,551
545,552
545,556
545,557
545,577
545,579
545,580
545,585
545,586
545,587
545,588
545,594
545,595
545,604
545,605
545,620
545,624
545,631
546,25
546,26
546,53
546,54
546,55
546,77
546,80
546,85
546,90
546,93
546,94
546,121
546,122
546,123
546,129
546,131
546,525
546,526
546,553
546,554
546,555
546,577
546,580
546,585
546,590
546,593
546,594
546,621
546,622
546,623
546,629
546,631
547,25
547,52
547,56
547,77
547,79
547,80
547,86
547,90
547,93
547,130
547,131
547,525
547,552
547,556
547,577
547,579
547,580
547,586
547,590
547,593
547,630
547,631
548,26
548,27
548,28
548,43
548,53
548,55
548,72
548,73
548,80
548,81
548,82
548,86
548,87
548,89
548,526
548,527
548,528
548,543
548,553
548,555
548,572
548,573
548,580
548,581
548,582
548,586
548,587
548,589
549,28
549,41
549,43
549,54
549,71
549,73
549,81
549,82
549,151
549,152
549,153
549,528
549,541
549,543
549,554
549,571
549,573
549,581
549,582
549,651
549,652
549,653
550,42
550,43
550,71
550,113
550,146
550,150
550,151
550,153
550,154
550,542
550,543
550,571
550,613
550,646
550,650
550,651
550,653
550,654
551,70
551,71
551,112
551,113
551,114
551,144
551,145
551,150
551,151
551,153
551,154
551,570
551,571
551,612
551,613
551,614
551,644
551,645
551,650
551,651
551,653
551,654
552,37
552,38
552,94
552,96
552,111
552,112
552,113
552,114
552,115
552,138
552,145
552,146
552,150
552,151
552,152
552,153
552,154
552,179
552,180
552,537
552,538
552,594
552,596
552,611
552,612
552,613
552,614
552,615
552,638
552,645
552,646
552,650
552,651
552,652
552,653
552,654
552,679
552,680
553,13
553,14
553,38
553,53
553,54
553,95
553,96
553,110
553,111
553,115
553,116
553,124
553,125
553,139
553,149
553,150
553,154
553,155
553,179
553,188
553,189
553,513
553,514
553,538
553,553
553,554
553,595
553,596
553,610
553,611
553,615
553,616
553,624
553,625
553,639
553,649
553,650
553,654
553,655
553,679
553,688
553,689
554,4
554,5
554,14
554,35
554,36
554,37
554,53
554,54
554,58
554,95
554,124
554,137
554,138
554,139
554,170
554,171
554,177
554,179
554,188
554,189
554,504
554,505
554,514
554,535
554,536
554,537
554,553
554,554
554,558
554,595
554,624
554,637
554,638
554,639
554,670
554,671
554,677
554,679
554,688
554,689
555,4
555,5
555,14
555,16
555,22
555,35
555,58
555,60
555,125
555,126
555,127
555,169
555,173
555,177
555,178
555,504
555,505
555,514
555,516
555,522
555,535
555,558
555,560
555,625
555,626
555,627
555,669
555,673
555,677
555,678
556,15
556,16
556,21
556,23
556,58
556,59
556,127
556,168
556,174
556,515
556,516
556,521
556,523
556,558
556,559
556,627
556,668
556,674
557,19
557,20
557,24
557,112
557,113
557,114
557,168
557,172
557,174
557,175
557,519
557,520
557,524
557,612
557,613
557,614
557,668
557,672
557,674
557,675
558,19
558,20
558,24
558,112
558,113
558,114
558,168
558,174
558,519
558,520
558,524
558,612
558,613
558,614
558,668
558,674
559,19
559,20
559,24
559,44
559,63
559,64
559,84
559,85
559,102
559,160
559,161
559,169
559,173
559,519
559,520
559,524
559,544
559,563
559,564
559,584
559,585
559,602
559,660
559,661
559,669
559,673
560,21
560,23
560,32
560,33
560,44
560,45
560,46
560,64
560,84
560,89
560,103
560,104
560,115
560,149
560,150
560,159
560,161
560,170
560,171
560,178
560,179
560,188
560,189
560,190
560,521
560,523
560,532
560,533
560,544
560,545
560,546
560,564
560,584
560,589
560,603
560,604
560,615
560,649
560,650
560,659
560,661
560,670
560,671
560,678
560,679
560,688
560,689
560,690
561,3
561,4
561,5
561,22
561,32
561,34
561,47
561,64
561,66
561,75
561,76
561,82
561,84
561,89
561,90
561,102
561,103
561,114
561,116
561,150
561,159
561,178
561,180
561,187
561,188
561,190
561,191
561,503
561,504
561,505
561,522
561,532
561,534
561,547
561,564
561,566
561,575
561,576
561,582
561,584
561,589
561,590
561,602
561,603
561,614
561,616
561,650
561,659
561,678
561,680
561,687
561,688
561,690
561,691
562,13
562,14
562,15
562,34
562,46
562,47
562,65
562,66
562,74
562,76
562,82
562,83
562,88
562,90
562,113
562,117
562,147
562,148
562,149
562,158
562,159
562,178
562,187
562,188
562,190
562,191
562,513
562,514
562,515
562,534
562,546
562,547
562,565
562,566
562,574
562,576
562,582
562,583
562,588
562,590
562,613
562,617
562,647
562,648
562,649
562,658
562,659
562,678
562,687
562,688
562,690
562,691
563,3
563,5
563,15
563,34
563,35
563,73
563,74
563,75
563,114
563,115
563,116
563,147
563,187
563,188
563,189
563,190
563,191
563,503
563,505
563,515
563,534
563,535
563,573
563,574
563,575
563,614
563,615
563,616
563,647
563,687
563,688
563,689
563,690
563,691
564,2
564,3
564,4
564,5
564,6
564,14
564,72
564,73
564,74
564,112
564,113
564,117
564,118
564,186
564,187
564,191
564,192
564,502
564,503
564,504
564,505
564,506
564,514
564,572
564,573
564,574
564,612
564,613
564,617
564,618
564,686
564,687
564,691
564,692
565,1
565,2
565,6
565,7
565,73
565,74
565,75
565,501
565,502
565,506
565,507
565,573
565,574
565,575
566,1
566,2
566,6
566,7
566,74
566,76
566,501
566,502
566,506
566,507
566,574
566,576
567,75
567,76
567,186
567,575
567,576
567,686
568,184
568,185
568,187
568,684
568,685
568,687
569,6
569,7
569,152
569,153
569,187
569,506
569,507
569,652
569,653
569,687
570,6
570,8
570,9
570,40
570,41
570,46
570,47
570,51
570,52
570,61
570,62
570,153
570,506
570,508
570,509
570,540
570,541
570,546
570,547
570,551
570,552
570,561
570,562
570,653
571,9
571,40
571,47
571,48
571,49
571,50
571,51
571,60
571,62
571,100
571,153
571,155
571,156
571,163
571,184
571,186
571,187
571,509
571,540
571,547
571,548
571,549
571,550
571,551
571,560
571,562
571,600
571,653
571,655
571,656
571,663
571,684
571,686
571,687
572,29
572,31
572,38
572,40
572,47
572,48
572,50
572,51
572,62
572,99
572,154
572,161
572,162
572,186
572,189
572,529
572,531
572,538
572,540
572,547
572,548
572,550
572,551
572,562
572,599
572,654
572,661
572,662
572,686
572,689
573,4
573,6
573,7
573,8
573,30
573,31
573,38
573,39
573,47
573,48
573,50
573,51
573,99
573,100
573,101
573,122
573,124
573,158
573,162
573,163
573,187
573,189
573,504
573,506
573,507
573,508
573,530
573,531
573,538
573,539
573,547
573,548
573,550
573,551
573,599
573,600
573,601
573,622
573,624
573,658
573,662
573,663
573,687
573,689
574,4
574,30
574,35
574,36
574,48
574,49
574,50
574,122
574,123
574,156
574,504
574,530
574,535
574,536
574,548
574,549
574,550
574,622
574,623
574,656
575,4
575,34
575,36
575,114
575,115
575,123
575,157
575,504
575,534
575,536
575,614
575,615
575,623
575,657
576,36
576,114
576,115
576,536
576,614
576,615
577,81
577,82
577,581
577,582
578,46
578,47
578,73
578,81
578,82
578,186
578,187
578,188
578,546
578,547
578,573
578,581
578,582
578,686
578,687
578,688
579,47
579,71
579,73
579,185
579,189
579,547
579,571
579,573
579,685
579,689
580,3
580,4
580,8
580,9
580,23
580,44
580,45
580,46
580,72
580,73
580,164
580,165
580,168
580,170
580,184
580,190
580,503
580,504
580,508
580,509
580,523
580,544
580,545
580,546
580,572
580,573
580,664
580,665
580,668
580,670
580,684
580,690
581,5
581,6
581,7
581,24
581,25
581,44
581,164
581,166
581,167
581,168
581,169
581,185
581,189
581,505
581,506
581,507
581,524
581,525
581,544
581,664
581,666
581,667
581,668
581,669
581,685
581,689
582,4
582,8
582,23
582,24
582,27
582,28
582,29
582,164
582,169
582,186
582,187
582,188
582,504
582,508
582,523
582,524
582,527
582,528
582,529
582,664
582,669
582,686
582,687
582,688
583,5
583,7
583,29
583,175
583,186
583,187
583,188
583,505
583,507
583,529
583,675
583,686
583,687
583,688
584,6
584,18
584,28
584,62
584,63
584,173
584,174
584,175
584,176
584,506
584,518
584,528
584,562
584,563
584,673
584,674
584,675
584,676
585,17
585,19
585,62
585,73
585,163
585,165
585,172
585,174
585,176
585,177
585,189
585,190
585,517
585,519
585,562
585,573
585,663
585,665
585,672
585,674
585,676
585,677
585,689
585,690
586,3
586,4
586,17
586,18
586,20
586,29
586,31
586,54
586,60
586,62
586,74
586,75
586,163
586,167
586,171
586,174
586,176
586,177
586,178
586,189
586,503
586,504
586,517
586,518
586,520
586,529
586,531
586,554
586,560
586,562
586,574
586,575
586,663
586,667
586,671
586,674
586,676
586,677
586,678
586,689
587,4
587,17
587,18
587,20
587,21
587,28
587,31
587,54
587,56
587,60
587,61
587,73
587,74
587,153
587,154
587,167
587,172
587,174
587,176
587,177
587,190
587,191
587,192
587,504
587,517
587,518
587,520
587,521
587,528
587,531
587,554
587,556
587,560
587,561
587,573
587,574
587,653
587,654
587,667
587,672
587,674
587,676
587,677
587,690
587,691
587,692
588,1
588,2
588,3
588,17
588,18
588,20
588,27
588,28
588,39
588,40
588,55
588,57
588,153
588,154
588,163
588,168
588,173
588,174
588,175
588,176
588,185
588,186
588,192
588,501
588,502
588,503
588,517
588,518
588,520
588,527
588,528
588,539
588,540
588,555
588,557
588,653
588,654
588,663
588,668
588,673
588,674
588,675
588,676
588,685
588,686
588,692
589,1
589,7
589,8
589,17
589,19
589,25
589,26
589,30
589,39
589,40
589,55
589,58
589,167
589,175
589,185
589,187
589,501
589,507
589,508
589,517
589,519
589,525
589,526
589,530
589,539
589,540
589,555
589,558
589,667
589,675
589,685
589,687
590,6
590,8
590,18
590,27
590,28
590,34
590,35
590,55
590,57
590,163
590,167
590,187
590,506
590,508
590,518
590,527
590,528
590,534
590,535
590,555
590,557
590,663
590,667
590,687
591,6
591,28
591,31
591,36
591,43
591,44
591,54
591,56
591,132
591,133
591,163
591,165
591,187
591,188
591,506
591,528
591,531
591,536
591,543
591,544
591,554
591,556
591,632
591,633
591,663
591,665
591,687
591,688
592,5
592,6
592,29
592,31
592,42
592,44
592,54
592,70
592,133
592,505
592,506
592,529
592,531
592,542
592,544
592,554
592,570
592,633
593,42
593,62
593,63
593,70
593,71
593,72
593,88
593,90
593,133
593,135
593,136
593,542
593,562
593,563
593,570
593,571
593,572
593,588
593,590
593,633
593,635
593,636
594,41
594,42
594,63
594,64
594,73
594,89
594,90
594,134
594,541
594,542
594,563
594,564
594,573
594,589
594,590
594,634
595,62
595,72
595,73
595,89
595,138
595,562
595,572
595,573
595,589
595,638
596,136
596,636
597,46
597,137
597,546
597,637
598,44
598,45
598,46
598,111
598,544
598,545
598,546
598,611
599,43
599,110
599,112
599,543
599,610
599,612
600,43
600,44
600,109
600,113
600,543
600,544
600,609
600,613
601,109
601,113
601,133
601,609
601,613
601,633
602,72
602,73
602,77
602,78
602,109
602,113
602,131
602,132
602,144
602,145
602,572
602,573
602,577
602,578
602,609
602,613
602,631
602,632
602,644
602,645
603,72
603,73
603,77
603,78
603,83
603,85
603,92
603,94
603,109
603,113
603,132
603,133
603,144
603,146
603,572
603,573
603,577
603,578
603,583
603,585
603,592
603,594
603,609
603,613
603,632
603,633
603,644
603,646
604,73
604,74
604,75
604,76
604,77
604,84
604,85
604,92
604,93
604,109
604,113
604,144
604,163
604,164
604,573
604,574
604,575
604,576
604,577
604,584
604,585
604,592
604,593
604,609
604,613
604,644
604,663
604,664
605,74
605,76
605,84
605,93
605,109
605,113
605,163
605,164
605,574
605,576
605,584
605,593
605,609
605,613
605,663
605,664
606,110
606,112
606,610
606,612
607,38
607,39
607,43
607,44
607,74
607,75
607,76
607,111
607,538
607,539
607,543
607,544
607,574
607,575
607,576
607,611
608,39
608,40
608,41
608,42
608,43
608,103
608,164
608,539
608,540
608,541
608,542
608,543
608,603
608,664
609,39
609,40
609,42
609,43
609,101
609,103
609,163
609,165
609,539
609,540
609,542
609,543
609,601
609,603
609,663
609,665
610,39
610,40
610,42
610,43
610,88
610,89
610,102
610,103
610,151
610,152
610,153
610,162
610,166
610,539
610,540
610,542
610,543
610,588
610,589
610,602
610,603
610,651
610,652
610,653
610,662
610,666
611,40
611,41
611,42
611,72
611,73
611,88
611,89
611,151
611,162
611,163
611,164
611,165
611,166
611,540
611,541
611,542
611,572
611,573
611,588
611,589
611,651
611,662
611,663
611,664
611,665
611,666
612,73
612,152
612,161
612,162
612,166
612,167
612,573
612,652
612,661
612,662
612,666
612,667
613,53
613,54
613,55
613,70
613,71
613,72
613,162
613,163
613,164
613,165
613,166
613,553
613,554
613,555
613,570
613,571
613,572
613,662
613,663
613,664
613,665
613,666
614,53
614,70
614,163
614,164
614,165
614,553
614,570
614,663
614,664
614,665
615,54
615,103
615,164
615,554
615,603
615,664
616,42
616,43
616,44
616,104
616,105
616,542
616,543
616,544
616,604
616,605
617,42
617,43
617,44
617,103
617,104
617,159
617,160
617,542
617,543
617,544
617,603
617,604
617,659
617,660
618,41
618,45
618,159
618,161
618,541
618,545
618,659
618,661
619,40
619,46
619,159
619,540
619,546
619,659
620,41
620,45
620,541
620,545
621,42
621,43
621,44
621,124
621,125
621,542
621,543
621,544
621,624
621,625
622,125
622,126
622,625
622,626
623,124
623,624
626,161
626,162
626,163
626,661
626,662
626,663
627,90
627,91
627,160
627,164
627,590
627,591
627,660
627,664
628,68
628,69
628,70
628,90
628,568
628,569
628,570
628,590
629,45
629,46
629,56
629,57
629,68
629,81
629,88
629,90
629,159
629,165
629,545
629,546
629,556
629,557
629,568
629,581
629,588
629,590
629,659
629,665
630,45
630,57
630,69
630,78
630,79
630,80
630,81
630,88
630,89
630,159
630,160
630,164
630,165
630,545
630,557
630,569
630,578
630,579
630,580
630,581
630,588
630,589
630,659
630,660
630,664
630,665
631,46
631,47
631,48
631,57
631,59
631,65
631,66
631,77
631,78
631,79
631,80
631,546
631,547
631,548
631,557
631,559
631,565
631,566
631,577
631,578
631,579
631,580
632,48
632,58
632,59
632,65
632,67
632,77
632,80
632,548
632,558
632,559
632,565
632,567
632,577
632,580
633,66
633,67
633,68
633,77
633,78
633,79
633,80
633,162
633,566
633,567
633,568
633,577
633,578
633,579
633,580
633,662
634,67
634,68
634,69
634,78
634,79
634,80
634,81
634,161
634,163
634,567
634,568
634,569
634,578
634,579
634,580
634,581
634,661
634,663
635,66
635,67
635,68
635,81
635,127
635,128
635,161
635,163
635,566
635,567
635,568
635,581
635,627
635,628
635,661
635,663
636,65
636,67
636,127
636,128
636,161
636,565
636,567
636,627
636,628
636,661
637,65
637,66
637,96
637,161
637,565
637,566
637,596
637,661
638,96
638,97
638,98
638,114
638,115
638,161
638,164
638,596
638,597
638,598
638,614
638,615
638,661
638,664
639,99
639,114
639,115
639,162
639,163
639,599
639,614
639,615
639,662
639,663
640,98
640,99
640,598
640,599
643,89
643,589
644,80
644,81
644,87
644,88
644,89
644,580
644,581
644,587
644,588
644,589
645,81
645,82
645,86
645,114
645,115
645,116
645,581
645,582
645,586
645,614
645,615
645,616
646,80
646,86
646,87
646,104
646,105
646,106
646,580
646,586
646,587
646,604
646,605
646,606
647,104
647,114
647,116
647,604
647,614
647,616
648,84
648,105
648,113
648,114
648,115
648,116
648,117
648,584
648,605
648,613
648,614
648,615
648,616
648,617
649,83
649,84
649,85
649,112
649,113
649,117
649,118
649,583
649,584
649,585
649,612
649,613
649,617
649,618
650,82
650,86
650,112
650,113
650,117
650,118
650,582
650,586
650,612
650,613
650,617
650,618
651,81
651,83
651,84
651,85
651,87
651,94
651,95
651,581
651,583
651,584
651,585
651,587
651,594
651,595
652,82
652,83
652,84
652,85
652,86
652,95
652,96
652,582
652,583
652,584
652,585
652,586
652,595
652,596
653,94
653,112
653,113
653,594
653,612
653,613
654,110
654,111
654,113
654,610
654,611
654,613
655,110
655,610
657,103
657,111
657,112
657,113
657,115
657,603
657,611
657,612
657,613
657,615
658,103
658,104
658,115
658,603
658,604
658,615
659,102
659,104
659,115
659,602
659,604
659,615
662,81
662,82
662,581
662,582
663,82
663,582
664,79
664,80
664,81
664,110
664,111
664,115
664,116
664,579
664,580
664,581
664,610
664,611
664,615
664,616
665,79
665,112
665,113
665,114
665,579
665,612
665,613
665,614
666,111
666,115
666,611
666,615
667,92
667,93
667,112
667,114
667,592
667,593
667,612
667,614
668,92
668,94
668,113
668,592
668,594
668,613
669,80
669,81
669,92
669,104
669,580
669,581
669,592
669,604
670,81
670,102
670,104
670,115
670,116
670,581
670,602
670,604
670,615
670,616
671,81
671,83
671,89
671,90
671,100
671,101
671,115
671,581
671,583
671,589
671,590
671,600
671,601
671,615
672,82
672,83
672,89
672,90
672,100
672,101
672,116
672,117
672,118
672,582
672,583
672,589
672,590
672,600
672,601
672,616
672,617
672,618
673,92
673,93
673,100
673,101
673,118
673,592
673,593
673,600
673,601
673,618
674,50
674,51
674,92
674,93
674,94
674,102
674,104
674,112
674,113
674,550
674,551
674,592
674,593
674,594
674,602
674,604
674,612
674,613
675,51
675,52
675,92
675,93
675,104
675,112
675,114
675,551
675,552
675,592
675,593
675,604
675,612
675,614
676,5
676,6
676,32
676,50
676,89
676,90
676,114
676,505
676,506
676,532
676,550
676,589
676,590
676,614
677,6
677,31
677,32
677,33
677,34
677,89
677,90
677,114
677,115
677,506
677,531
677,532
677,533
677,534
677,589
677,590
677,614
677,615
678,6
678,8
678,14
678,15
678,30
678,31
678,33
678,35
678,506
678,508
678,514
678,515
678,530
678,531
678,533
678,535
679,1
679,7
679,8
679,14
679,17
679,29
679,30
679,31
679,33
679,36
679,39
679,40
679,501
679,507
679,508
679,514
679,517
679,529
679,530
679,531
679,533
679,536
679,539
679,540
680,1
680,2
680,3
680,18
680,30
680,31
680,33
680,35
680,39
680,40
680,501
680,502
680,503
680,518
680,530
680,531
680,533
680,535
680,539
680,540
681,4
681,18
681,31
681,32
681,33
681,34
681,504
681,518
681,531
681,532
681,533
681,534
682,3
682,4
682,18
682,26
682,32
682,503
682,504
682,518
682,526
682,532
683,14
683,17
683,27
683,514
683,517
683,527
684,14
684,15
684,25
684,26
684,27
684,514
684,515
684,525
684,526
684,527
687,6
687,506
688,5
688,6
688,7
688,505
688,506
688,507
689,4
689,5
689,6
689,7
689,8
689,32
689,34
689,504
689,505
689,506
689,507
689,508
689,532
689,534
690,3
690,5
690,7
690,9
690,33
690,34
690,503
690,505
690,507
690,509
690,533
690,534
691,3
691,4
691,8
691,9
691,33
691,503
691,504
691,508
691,509
691,533
692,34
692,35
692,36
692,534
692,535
692,536
693,36
693,536
694,6
694,506
695,5
695,7
695,14
695,38
695,39
695,505
695,507
695,514
695,538
695,539
696,4
696,5
696,7
696,14
696,15
696,28
696,38
696,40
696,504
696,505
696,507
696,514
696,515
696,528
696,538
696,540
697,4
697,5
697,6
697,13
697,15
697,28
697,29
697,40
697,504
697,505
697,506
697,513
697,515
697,528
697,529
697,540
698,3
698,6
698,27
698,29
698,40
698,41
698,503
698,506
698,527
698,529
698,540
698,541
699,3
699,4
699,5
699,503
699,504
699,505
700,2
700,6
700,502
700,506
701,1
701,7
701,501
701,507
702,2
702,6
702,502
702,506
703,3
703,4
703,5
703,503
703,504
703,505
704,20
704,21
704,520
704,521
705,21
705,22
705,34
705,35
705,521
705,522
705,534
705,535
706,20
706,34
706,520
706,534
707,25
707,26
707,32
707,34
707,525
707,526
707,532
707,534
708,25
708,26
708,32
708,33
708,525
708,526
708,532
708,533
709,22
709,23
709,522
709,523
710,21
710,22
710,23
710,521
710,522
710,523
711,22
711,23
711,522
711,523
712,15
712,16
712,25
712,26
712,515
712,516
712,525
712,526
713,4
713,5
713,14
713,16
713,25
713,26
713,124
713,125
713,504
713,505
713,514
713,516
713,525
713,526
713,624
713,625
714,4
714,5
714,14
714,122
714,126
714,504
714,505
714,514
714,622
714,626
715,13
715,14
715,121
715,127
715,141
715,142
715,513
715,514
715,621
715,627
715,641
715,642
716,116
716,117
716,120
716,121
716,123
716,127
716,141
716,142
716,616
716,617
716,620
716,621
716,623
716,627
716,641
716,642
717,116
717,117
717,121
717,127
717,138
717,139
717,146
717,150
717,151
717,616
717,617
717,621
717,627
717,638
717,639
717,646
717,650
717,651
718,122
718,126
718,137
718,138
718,139
718,145
718,149
718,151
718,622
718,626
718,637
718,638
718,639
718,645
718,649
718,651
719,124
719,125
719,138
719,139
719,146
719,147
719,148
719,149
719,150
719,624
719,625
719,638
719,639
719,646
719,647
719,648
719,649
719,650
720,129
720,131
720,141
720,142
720,147
720,148
720,149
720,629
720,631
720,641
720,642
720,647
720,648
720,649
721,129
721,130
721,141
721,142
721,629
721,630
721,641
721,642
722,130
722,630
723,110
723,610
724,108
724,110
724,608
724,610
725,109
725,110
725,609
725,610
727,123
727,623
728,121
728,122
728,621
728,622
729,122
729,123
729,622
729,623
735,115
735,615
737,112
737,113
737,612
737,613
738,111
738,113
738,611
738,613
739,111
739,611
740,110
740,111
740,610
740,611
